{
  "version": 1,
  "author": "Anonymous maker",
  "editor": "wokwi",
  "parts": [
    {
      "type": "board-esp32-s3-devkitc-1",
      "id": "esp",
      "top": -57.78,
      "left": 81.37,
      "attrs": { "builder": "esp-idf" }
    },
    {
      "type": "wokwi-led",
      "id": "led1",
      "top": 111.6,
      "left": -92.2,
      "attrs": { "color": "red" }
    },
    {
      "type": "wokwi-led",
      "id": "led2",
      "top": -22.8,
      "left": -82.6,
      "attrs": { "color": "red" }
    },
    {
      "type": "wokwi-resistor",
      "id": "r2",
      "top": -15.25,
      "left": -9.6,
      "attrs": { "value": "330" }
    },
    {
      "type": "wokwi-resistor",
      "id": "r1",
      "top": 138.35,
      "left": -28.8,
      "attrs": { "value": "330" }
    },
    { "type": "wokwi-led", "id": "led3", "top": 73.2, "left": -92.2, "attrs": { "color": "red" } },
    {
      "type": "wokwi-resistor",
      "id": "r3",
      "top": 99.95,
      "left": -38.4,
      "attrs": { "value": "330" }
    },
    { "type": "wokwi-led", "id": "led5", "top": 25.2, "left": -92.2, "attrs": { "color": "red" } },
    {
      "type": "wokwi-resistor",
      "id": "r4",
      "top": 51.95,
      "left": -48,
      "attrs": { "value": "330" }
    }
  ],
  "connections": [
    [ "esp:TX", "$serialMonitor:RX", "", [] ],
    [ "esp:RX", "$serialMonitor:TX", "", [] ],
    [ "esp:GND.1", "led2:C", "black", [ "h-201.65", "v-182.4" ] ],
    [ "led2:A", "r2:1", "green", [ "v0" ] ],
    [ "r2:2", "esp:4", "green", [ "v0" ] ],
    [ "esp:7", "r1:2", "green", [ "h0" ] ],
    [ "r1:1", "led1:A", "green", [ "v0" ] ],
    [ "led1:C", "esp:GND.1", "green", [ "v0" ] ],
    [ "r3:1", "led3:A", "green", [ "v0" ] ],
    [ "r3:2", "esp:6", "green", [ "v0" ] ],
    [ "r4:1", "led5:A", "green", [ "v0" ] ],
    [ "led3:C", "esp:GND.1", "green", [ "v0" ] ],
    [ "r4:2", "esp:5", "green", [ "v0" ] ],
    [ "led5:C", "esp:GND.1", "green", [ "v0", "h-38", "v105.6" ] ]
  ],
  "dependencies": {}
}